"RK",TIERS,"PLAYER NAME",TEAM,"POS","BYE WEEK","UPSIDE ","BUST ","SOS SEASON","ECR VS. ADP"
"1",1,"Ja'Marr Chase",CIN,"WR1","6","5 out of 5","1 out of 5","4 out of 5 stars","+2"
"2",1,"Jahmyr Gibbs",DET,"RB1","6","5 out of 5","1 out of 5","5 out of 5 stars","-1"
"3",1,"Puka Nacua",LAR,"WR2","11","5 out of 5","2 out of 5","1 out of 5 stars","+1"
"4",1,"Bijan Robinson",ATL,"RB2","11","5 out of 5","1 out of 5","2 out of 5 stars","-2"
"5",1,"Jaxon Smith-Njigba",SEA,"WR3","11","5 out of 5","2 out of 5","3 out of 5 stars","+1"
"6",1,"Amon-Ra St. Brown",DET,"WR4","6","5 out of 5","1 out of 5","4 out of 5 stars","+2"
"7",2,"CeeDee Lamb",DAL,"WR5","14","4 out of 5","2 out of 5","2 out of 5 stars","+5"
"8",2,"Justin Jefferson",MIN,"WR6","6","4 out of 5","2 out of 5","5 out of 5 stars","+5"
"9",2,"Christian McCaffrey",SF,"RB3","8","4 out of 5","4 out of 5","2 out of 5 stars","-4"
"10",2,"Drake London",ATL,"WR7","11","5 out of 5","3 out of 5","3 out of 5 stars","+6"
"11",2,"Jonathan Taylor",IND,"RB4","13","4 out of 5","3 out of 5","4 out of 5 stars","-4"
"12",3,"A.J. Brown",NE,"WR8","11","5 out of 5","2 out of 5","2 out of 5 stars","+8"
"13",3,"Nico Collins",HOU,"WR9","8","4 out of 5","3 out of 5","3 out of 5 stars","+12"
"14",3,"Ashton Jeanty",LV,"RB5","13","5 out of 5","2 out of 5","2 out of 5 stars","-4"
"15",3,"Chase Brown",CIN,"RB6","6","5 out of 5","2 out of 5","2 out of 5 stars","0"
"16",3,"Brock Bowers",LV,"TE1","13","5 out of 5","1 out of 5","3 out of 5 stars","+6"
"17",3,"James Cook III",BUF,"RB7","7","5 out of 5","2 out of 5","2 out of 5 stars","-8"
"18",3,"Chris Olave",NO,"WR10","8","4 out of 5","4 out of 5","3 out of 5 stars","+10"
"19",3,"George Pickens",DAL,"WR11","14","4 out of 5","4 out of 5","2 out of 5 stars","+5"
"20",3,"Trey McBride",ARI,"TE2","14","4 out of 5","3 out of 5","2 out of 5 stars","+1"
"21",3,"De'Von Achane",MIA,"RB8","6","4 out of 5","4 out of 5","3 out of 5 stars","-10"
"22",3,"Rashee Rice",KC,"WR12","5","5 out of 5","4 out of 5","2 out of 5 stars","+4"
"23",4,"DeVonta Smith",PHI,"WR13","10","4 out of 5","2 out of 5","4 out of 5 stars","+11"
"24",4,"Malik Nabers",NYG,"WR14","8","4 out of 5","4 out of 5","4 out of 5 stars","+5"
"25",4,"Omarion Hampton",LAC,"RB9","7","5 out of 5","2 out of 5","3 out of 5 stars","-8"
"26",4,"Saquon Barkley",PHI,"RB10","10","4 out of 5","3 out of 5","4 out of 5 stars","-12"
"27",4,"Josh Allen",BUF,"QB1","7","5 out of 5","1 out of 5","3 out of 5 stars","-4"
"28",4,"Kenneth Walker III",KC,"RB11","5","4 out of 5","4 out of 5","3 out of 5 stars","-9"
"29",4,"Zay Flowers",BAL,"WR15","13","5 out of 5","2 out of 5","4 out of 5 stars","+6"
"30",4,"Garrett Wilson",NYJ,"WR16","13","4 out of 5","4 out of 5","4 out of 5 stars","+10"
"31",4,"Lamar Jackson",BAL,"QB2","13","4 out of 5","3 out of 5","3 out of 5 stars","+11"
"32",4,"Tetairoa McMillan",CAR,"WR17","5","3 out of 5","3 out of 5","2 out of 5 stars","+5"
"33",4,"Jaylen Waddle",DEN,"WR18","10","4 out of 5","3 out of 5","2 out of 5 stars","+14"
"34",4,"Ladd McConkey",LAC,"WR19","7","4 out of 5","3 out of 5","2 out of 5 stars","+11"
"35",5,"Tee Higgins",CIN,"WR20","6","5 out of 5","2 out of 5","4 out of 5 stars","+6"
"36",5,"Derrick Henry",BAL,"RB12","13","4 out of 5","2 out of 5","3 out of 5 stars","-18"
"37",5,"Drake Maye",NE,"QB3","11","5 out of 5","1 out of 5","2 out of 5 stars","+16"
"38",5,"Colston Loveland",CHI,"TE3","10","5 out of 5","3 out of 5","2 out of 5 stars","+5"
"39",5,"Emeka Egbuka",TB,"WR21","10","5 out of 5","3 out of 5","4 out of 5 stars","-1"
"40",5,"Breece Hall",NYJ,"RB13","13","4 out of 5","3 out of 5","3 out of 5 stars","-8"
"41",5,"Jeremiyah Love",ARI,"RB14","14","5 out of 5","3 out of 5","2 out of 5 stars","-14"
"42",5,"Kyren Williams",LAR,"RB15","11","4 out of 5","2 out of 5","5 out of 5 stars","-12"
"43",5,"Javonte Williams",DAL,"RB16","14","4 out of 5","4 out of 5","4 out of 5 stars","-12"
"44",5,"Josh Jacobs",GB,"RB17","11","4 out of 5","4 out of 5","4 out of 5 stars","-11"
"45",5,"Terry McLaurin",WAS,"WR22","7","4 out of 5","2 out of 5","2 out of 5 stars","+10"
"46",5,"Joe Burrow",CIN,"QB4","6","4 out of 5","3 out of 5","3 out of 5 stars","+10"
"47",5,"Luther Burden III",CHI,"WR23","10","4 out of 5","4 out of 5","3 out of 5 stars","+7"
"48",5,"Travis Etienne Jr.",NO,"RB18","8","4 out of 5","4 out of 5","3 out of 5 stars","-9"
"49",5,"Davante Adams",LAR,"WR24","11","3 out of 5","4 out of 5","1 out of 5 stars","0"
"50",5,"DJ Moore",BUF,"WR25","7","4 out of 5","2 out of 5","4 out of 5 stars","+2"
"51",5,"Jayden Daniels",WAS,"QB5","7","4 out of 5","4 out of 5","2 out of 5 stars","+9"
"52",6,"Tyler Warren",IND,"TE4","13","5 out of 5","2 out of 5","3 out of 5 stars","-2"
"53",6,"Mike Evans",SF,"WR26","8","4 out of 5","3 out of 5","2 out of 5 stars","+11"
"54",6,"Jameson Williams",DET,"WR27","6","4 out of 5","3 out of 5","4 out of 5 stars","+4"
"55",6,"Cam Skattebo",NYG,"RB19","8","4 out of 5","4 out of 5","4 out of 5 stars","-19"
"56",6,"Rome Odunze",CHI,"WR28","10","4 out of 5","3 out of 5","3 out of 5 stars","+5"
"57",6,"D'Andre Swift",CHI,"RB20","10","3 out of 5","3 out of 5","2 out of 5 stars","-9"
"58",6,"Christian Watson",GB,"WR29","11","4 out of 5","4 out of 5","5 out of 5 stars","+8"
"59",6,"Jalen Hurts",PHI,"QB6","10","4 out of 5","3 out of 5","5 out of 5 stars","+4"
"60",6,"Bucky Irving",TB,"RB21","10","2 out of 5","4 out of 5","2 out of 5 stars","-16"
"61",6,"David Montgomery",HOU,"RB22","8","4 out of 5","2 out of 5","4 out of 5 stars","-10"
"62",6,"Quinshon Judkins",CLE,"RB23","11","4 out of 5","4 out of 5","3 out of 5 stars","-16"
"63",6,"Parker Washington",JAC,"WR30","7","4 out of 5","3 out of 5","4 out of 5 stars","+10"
"64",6,"Caleb Williams",CHI,"QB7","10","4 out of 5","2 out of 5","3 out of 5 stars","+10"
"65",6,"Carnell Tate",TEN,"WR31","9","4 out of 5","3 out of 5","3 out of 5 stars","+4"
"66",6,"TreVeyon Henderson",NE,"RB24","11","4 out of 5","3 out of 5","2 out of 5 stars","-9"
"67",6,"Marvin Harrison Jr.",ARI,"WR32","14","3 out of 5","4 out of 5","2 out of 5 stars","+5"
"68",6,"Bhayshul Tuten",JAC,"RB25","7","4 out of 5","3 out of 5","4 out of 5 stars","-9"
"69",6,"Justin Herbert",LAC,"QB8","7","5 out of 5","2 out of 5","2 out of 5 stars","+16"
"70",6,"Jadarian Price",SEA,"RB26","11","4 out of 5","4 out of 5","4 out of 5 stars","-8"
"71",6,"Harold Fannin Jr.",CLE,"TE5","11","4 out of 5","3 out of 5","3 out of 5 stars","-6"
"72",7,"Brian Thomas Jr.",JAC,"WR33","7","2 out of 5","4 out of 5","4 out of 5 stars","+5"
"73",7,"Jaylen Warren",PIT,"RB27","9","4 out of 5","4 out of 5","2 out of 5 stars","-2"
"74",7,"Trevor Lawrence",JAC,"QB9","7","5 out of 5","2 out of 5","4 out of 5 stars","+9"
"75",7,"Tucker Kraft",GB,"TE6","11","5 out of 5","3 out of 5","2 out of 5 stars","-5"
"76",7,"Chris Godwin Jr.",TB,"WR34","10","4 out of 5","4 out of 5","4 out of 5 stars","+21"
"77",7,"DK Metcalf",PIT,"WR35","9","4 out of 5","4 out of 5","3 out of 5 stars","+3"
"78",7,"Dak Prescott",DAL,"QB10","14","4 out of 5","2 out of 5","2 out of 5 stars","-3"
"79",7,"Kyle Pitts Sr.",ATL,"TE7","11","4 out of 5","4 out of 5","3 out of 5 stars","-11"
"80",7,"Rhamondre Stevenson",NE,"RB28","11","4 out of 5","3 out of 5","2 out of 5 stars","-2"
"81",7,"Michael Pittman Jr.",PIT,"WR36","9","4 out of 5","3 out of 5","3 out of 5 stars","+12"
"82",7,"Courtland Sutton",DEN,"WR37","10","2 out of 5","4 out of 5","2 out of 5 stars","-6"
"83",7,"Tony Pollard",TEN,"RB29","9","4 out of 5","3 out of 5","3 out of 5 stars","-4"
"84",7,"Sam LaPorta",DET,"TE8","6","4 out of 5","3 out of 5","3 out of 5 stars","-17"
"85",7,"Wan'Dale Robinson",TEN,"WR38","9","4 out of 5","3 out of 5","3 out of 5 stars","+9"
"86",7,"Josh Downs",IND,"WR39","13","4 out of 5","4 out of 5","4 out of 5 stars","+17"
"87",7,"Rico Dowdle",PIT,"RB30","9","4 out of 5","4 out of 5","2 out of 5 stars","-6"
"88",7,"Michael Wilson",ARI,"WR40","14","-","-","2 out of 5 stars","-2"
"89",7,"RJ Harvey",DEN,"RB31","10","2 out of 5","4 out of 5","2 out of 5 stars","-7"
"90",7,"Jonathon Brooks",CAR,"RB32","5","4 out of 5","4 out of 5","1 out of 5 stars","-3"
"91",7,"Brock Purdy",SF,"QB11","8","4 out of 5","2 out of 5","1 out of 5 stars","+16"
"92",7,"Jaxson Dart",NYG,"QB12","8","4 out of 5","4 out of 5","4 out of 5 stars","-3"
"93",7,"Chuba Hubbard",CAR,"RB33","5","2 out of 5","4 out of 5","1 out of 5 stars","-9"
"94",7,"Quentin Johnston",LAC,"WR41","7","4 out of 5","4 out of 5","2 out of 5 stars","+11"
"95",7,"Travis Kelce",KC,"TE9","5","2 out of 5","3 out of 5","4 out of 5 stars","0"
"96",7,"George Kittle",SF,"TE10","8","4 out of 5","4 out of 5","3 out of 5 stars","-4"
"97",7,"Kenny Gainwell",TB,"RB34","10","4 out of 5","3 out of 5","2 out of 5 stars","+3"
"98",8,"Alec Pierce",IND,"WR42","13","4 out of 5","4 out of 5","4 out of 5 stars","-10"
"99",8,"Bo Nix",DEN,"QB13","10","4 out of 5","2 out of 5","3 out of 5 stars","+13"
"100",8,"Patrick Mahomes II",KC,"QB14","5","2 out of 5","4 out of 5","2 out of 5 stars","+1"
"101",8,"Jakobi Meyers",JAC,"WR43","7","2 out of 5","3 out of 5","4 out of 5 stars","+10"
"102",8,"J.K. Dobbins",DEN,"RB35","10","4 out of 5","4 out of 5","2 out of 5 stars","-12"
"103",8,"Matthew Stafford",LAR,"QB15","11","4 out of 5","2 out of 5","3 out of 5 stars","-12"
"104",8,"Stefon Diggs",WAS,"WR44","7","4 out of 5","2 out of 5","2 out of 5 stars","0"
"105",8,"Jayden Reed",GB,"WR45","11","4 out of 5","4 out of 5","5 out of 5 stars","+16"
"106",8,"Jordan Addison",MIN,"WR46","6","4 out of 5","3 out of 5","5 out of 5 stars","0"
"107",8,"Jared Goff",DET,"QB16","6","4 out of 5","1 out of 5","5 out of 5 stars","+17"
"108",8,"Makai Lemon",PHI,"WR47","10","4 out of 5","3 out of 5","4 out of 5 stars","+5"
"109",8,"Rachaad White",WAS,"RB36","7","4 out of 5","2 out of 5","4 out of 5 stars","+5"
"110",8,"Blake Corum",LAR,"RB37","11","4 out of 5","4 out of 5","5 out of 5 stars","-8"
"111",8,"Kyle Monangai",CHI,"RB38","10","4 out of 5","4 out of 5","2 out of 5 stars","-12"
"112",8,"Kyler Murray",MIN,"QB17","6","4 out of 5","3 out of 5","5 out of 5 stars","+26"
"113",8,"Aaron Jones Sr.",MIN,"RB39","6","1 out of 5","4 out of 5","4 out of 5 stars","+7"
"114",8,"Dalton Kincaid",BUF,"TE11","7","3 out of 5","4 out of 5","3 out of 5 stars","+9"
"115",8,"Jake Ferguson",DAL,"TE12","14","2 out of 5","4 out of 5","2 out of 5 stars","-5"
"116",8,"Jacory Croskey-Merritt",WAS,"RB40","7","4 out of 5","4 out of 5","4 out of 5 stars","-1"
"117",8,"Baker Mayfield",TB,"QB18","10","3 out of 5","4 out of 5","2 out of 5 stars","+18"
"118",8,"Jordan Mason",MIN,"RB41","6","4 out of 5","3 out of 5","4 out of 5 stars","-10"
"119",8,"Jordan Love",GB,"QB19","11","4 out of 5","2 out of 5","4 out of 5 stars","+27"
"120",8,"Isaiah Likely",NYG,"TE13","8","4 out of 5","4 out of 5","3 out of 5 stars","-11"
"121",8,"Khalil Shakir",BUF,"WR48","7","2 out of 5","4 out of 5","4 out of 5 stars","+16"
"122",8,"Dallas Goedert",PHI,"TE14","10","4 out of 5","3 out of 5","4 out of 5 stars","-3"
"123",8,"KC Concepcion",CLE,"WR49","11","4 out of 5","3 out of 5","3 out of 5 stars","+4"
"124",8,"Jalen Coker",CAR,"WR50","5","4 out of 5","3 out of 5","2 out of 5 stars","+20"
"125",8,"Tyler Shough",NO,"QB20","8","4 out of 5","2 out of 5","3 out of 5 stars","+24"
"126",8,"Xavier Worthy",KC,"WR51","5","4 out of 5","4 out of 5","2 out of 5 stars","+3"
"127",8,"Jordyn Tyson",NO,"WR52","8","4 out of 5","5 out of 5","3 out of 5 stars","-11"
"128",8,"Matthew Golden",GB,"WR53","11","3 out of 5","4 out of 5","5 out of 5 stars","-2"
"129",8,"Romeo Doubs",NE,"WR54","11","4 out of 5","3 out of 5","2 out of 5 stars","+4"
"130",8,"Mark Andrews",BAL,"TE15","13","4 out of 5","4 out of 5","4 out of 5 stars","-5"
"131",9,"Malik Willis",MIA,"QB21","6","4 out of 5","4 out of 5","3 out of 5 stars","+35"
"132",9,"Juwan Johnson",NO,"TE16","8","4 out of 5","2 out of 5","2 out of 5 stars","+23"
"133",9,"Tyler Allgeier",ARI,"RB42","14","3 out of 5","4 out of 5","2 out of 5 stars","+17"
"134",9,"Woody Marks",HOU,"RB43","8","3 out of 5","4 out of 5","4 out of 5 stars","+6"
"135",9,"Tyjae Spears",TEN,"RB44","9","3 out of 5","4 out of 5","3 out of 5 stars","+12"
"136",9,"Chris Rodriguez Jr.",JAC,"RB45","7","3 out of 5","4 out of 5","4 out of 5 stars","+5"
"137",9,"Sam Darnold",SEA,"QB22","11","1 out of 5","4 out of 5","4 out of 5 stars","+46"
"138",9,"C.J. Stroud",HOU,"QB23","8","3 out of 5","4 out of 5","4 out of 5 stars","+39"
"139",9,"Tyrone Tracy Jr.",NYG,"RB46","8","3 out of 5","4 out of 5","4 out of 5 stars","+3"
"140",9,"De'Zhaun Stribling",SF,"WR55","8","3 out of 5","4 out of 5","2 out of 5 stars","-12"
"141",9,"Deebo Samuel Sr.",SF,"WR56","8","4 out of 5","3 out of 5","2 out of 5 stars","-11"
"142",9,"Dylan Sampson",CLE,"RB47","11","4 out of 5","2 out of 5","3 out of 5 stars","+51"
"143",9,"Denzel Boston",CLE,"WR57","11","4 out of 5","4 out of 5","3 out of 5 stars","+18"
"144",9,"Daniel Jones",IND,"QB24","13","4 out of 5","4 out of 5","4 out of 5 stars","+32"
"145",9,"Zach Charbonnet",SEA,"RB48","11","3 out of 5","5 out of 5","4 out of 5 stars","-9"
"146",9,"Rashid Shaheed",SEA,"WR58","11","3 out of 5","4 out of 5","3 out of 5 stars","-1"
"147",9,"Keaton Mitchell",LAC,"RB49","7","4 out of 5","4 out of 5","3 out of 5 stars","+15"
"148",9,"Cam Ward",TEN,"QB25","9","4 out of 5","4 out of 5","3 out of 5 stars","+60"
"149",9,"Brenton Strange",JAC,"TE17","7","4 out of 5","3 out of 5","3 out of 5 stars","+8"
"150",9,"Chig Okonkwo",WAS,"TE18","7","4 out of 5","3 out of 5","1 out of 5 stars","+21"
"151",9,"Alvin Kamara",NO,"RB50","8","2 out of 5","4 out of 5","3 out of 5 stars","-8"
"152",9,"Jonah Coleman",DEN,"RB51","10","4 out of 5","4 out of 5","2 out of 5 stars","+21"
"153",9,"Isiah Pacheco",DET,"RB52","6","3 out of 5","4 out of 5","5 out of 5 stars","-1"
"154",9,"Hunter Henry",NE,"TE19","11","1 out of 5","4 out of 5","4 out of 5 stars","0"
"155",9,"Houston Texans",HOU,"DST1","8","-","-","2 out of 5 stars","-59"
"156",9,"Dalton Schultz",HOU,"TE20","8","3 out of 5","2 out of 5","4 out of 5 stars","+26"
"157",9,"Bryce Young",CAR,"QB26","5","2 out of 5","4 out of 5","2 out of 5 stars","+57"
"158",9,"Jauan Jennings",MIN,"WR59","6","2 out of 5","4 out of 5","5 out of 5 stars","+41"
"159",9,"Jerry Jeudy",CLE,"WR60","11","2 out of 5","4 out of 5","3 out of 5 stars","+13"
"160",9,"Adonai Mitchell",NYJ,"WR61","13","4 out of 5","4 out of 5","4 out of 5 stars","+82"
"161",9,"Tre Tucker",LV,"WR62","13","4 out of 5","2 out of 5","2 out of 5 stars","+18"
"162",9,"Tank Bigsby",PHI,"RB53","10","4 out of 5","2 out of 5","4 out of 5 stars","+6"
"163",9,"Jalen McMillan",TB,"WR63","10","4 out of 5","3 out of 5","4 out of 5 stars","+39"
"164",10,"Denver Broncos",DEN,"DST2","10","-","-","4 out of 5 stars","-46"
"165",10,"Brian Robinson Jr.",ATL,"RB54","11","2 out of 5","4 out of 5","2 out of 5 stars","-2"
"166",10,"Seattle Seahawks",SEA,"DST3","11","-","-","2 out of 5 stars","-44"
"167",10,"Los Angeles Rams",LAR,"DST4","11","-","-","2 out of 5 stars","-50"
"168",10,"Braelon Allen",NYJ,"RB55","13","2 out of 5","4 out of 5","3 out of 5 stars","+33"
"169",10,"Tre' Harris",LAC,"WR64","7","4 out of 5","2 out of 5","2 out of 5 stars","+58"
"170",10,"Omar Cooper Jr.",NYJ,"WR65","13","4 out of 5","4 out of 5","4 out of 5 stars","+53"
"171",10,"Philadelphia Eagles",PHI,"DST5","10","-","-","0 out of 5 stars","-32"
"172",10,"T.J. Hockenson",MIN,"TE21","6","2 out of 5","4 out of 5","4 out of 5 stars","-14"
"173",10,"Jacoby Brissett",ARI,"QB27","14","2 out of 5","5 out of 5","2 out of 5 stars","+77"
"174",10,"Jalen Nailor",LV,"WR66","13","-","-","2 out of 5 stars","+20"
"175",10,"Oronde Gadsden II",LAC,"TE22","7","3 out of 5","4 out of 5","4 out of 5 stars","+16"
"176",10,"Travis Hunter",JAC,"WR67","7","3 out of 5","4 out of 5","4 out of 5 stars","+40"
"177",10,"Ryan Flournoy",DAL,"WR68","14","4 out of 5","2 out of 5","2 out of 5 stars","+71"
"178",10,"Brandon Aubrey",DAL,"K1","14","4 out of 5","1 out of 5","2 out of 5 stars","-80"
"179",10,"Malik Washington",MIA,"WR69","6","2 out of 5","4 out of 5","3 out of 5 stars","+45"
"180",10,"Ray Davis",BUF,"RB56","7","4 out of 5","4 out of 5","2 out of 5 stars","+56"
"181",10,"New England Patriots",NE,"DST6","11","-","-","3 out of 5 stars","-28"
"182",10,"Pittsburgh Steelers",PIT,"DST7","9","-","-","5 out of 5 stars","-31"
"183",10,"Dontayvion Wicks",PHI,"WR70","10","4 out of 5","4 out of 5","4 out of 5 stars","+88"
"184",10,"MarShawn Lloyd",GB,"RB57","11","4 out of 5","4 out of 5","4 out of 5 stars","+2"
"185",10,"Minnesota Vikings",MIN,"DST8","6","-","-","1 out of 5 stars","-26"
"186",10,"Pat Bryant",DEN,"WR71","10","3 out of 5","4 out of 5","2 out of 5 stars","+76"
"187",10,"Emmett Johnson",KC,"RB58","5","4 out of 5","4 out of 5","3 out of 5 stars","+47"
"188",10,"Jaylin Noel",HOU,"WR72","8","4 out of 5","4 out of 5","3 out of 5 stars","+99"
"189",10,"Jacksonville Jaguars",JAC,"DST9","7","-","-","3 out of 5 stars","-19"
"190",10,"Sean Tucker",TB,"RB59","10","3 out of 5","4 out of 5","2 out of 5 stars","+56"
"191",10,"AJ Barner",SEA,"TE23","11","4 out of 5","2 out of 5","3 out of 5 stars","-3"
"192",10,"Cameron Dicker",LAC,"K2","7","5 out of 5","1 out of 5","2 out of 5 stars","-61"
"193",10,"Los Angeles Chargers",LAC,"DST10","7","-","-","3 out of 5 stars","-24"
"194",10,"Ka'imi Fairbairn",HOU,"K3","8","5 out of 5","1 out of 5","2 out of 5 stars","-60"
"195",10,"Cam Little",JAC,"K4","7","-","-","4 out of 5 stars","-47"
"196",10,"Kayshon Boutte",NE,"WR73","11","3 out of 5","4 out of 5","2 out of 5 stars","+41"
"197",10,"Tank Dell",HOU,"WR74","8","4 out of 5","4 out of 5","3 out of 5 stars","-30"
"198",10,"Kimani Vidal",LAC,"RB60","7","2 out of 5","4 out of 5","3 out of 5 stars","+47"
"199",10,"Baltimore Ravens",BAL,"DST11","13","-","-","5 out of 5 stars","-43"
"200",10,"Mike Washington Jr.",LV,"RB61","13","3 out of 5","4 out of 5","2 out of 5 stars","-20"
"201",10,"Jason Myers",SEA,"K5","11","4 out of 5","1 out of 5","4 out of 5 stars","-69"
"202",10,"Calvin Ridley",TEN,"WR75","9","2 out of 5","4 out of 5","3 out of 5 stars","-13"
"203",10,"Nicholas Singleton",TEN,"RB62","9","3 out of 5","4 out of 5","3 out of 5 stars","+32"
"204",10,"James Conner",ARI,"RB63","14","3 out of 5","4 out of 5","2 out of 5 stars","+8"
"205",10,"Gunnar Helm",TEN,"TE24","9","3 out of 5","3 out of 5","3 out of 5 stars","+54"
"206",10,"Keenan Allen",IND,"WR76","13","3 out of 5","4 out of 5","4 out of 5 stars","-1"
"207",11,"Tyler Loop",BAL,"K6","13","-","-","3 out of 5 stars","-32"
"208",11,"Eddy Pineiro",SF,"K7","8","4 out of 5","1 out of 5","5 out of 5 stars","-34"
"209",11,"Troy Franklin",DEN,"WR77","10","1 out of 5","5 out of 5","2 out of 5 stars","+71"
"210",11,"Kansas City Chiefs",KC,"DST12","5","-","-","3 out of 5 stars","-18"
"211",11,"Kenyon Sadiq",NYJ,"TE25","13","4 out of 5","4 out of 5","4 out of 5 stars","-46"
"212",11,"Aaron Rodgers",PIT,"QB28","9","1 out of 5","4 out of 5","2 out of 5 stars","+7"
"213",11,"Isaac TeSlaa",DET,"WR78","6","3 out of 5","4 out of 5","4 out of 5 stars","+26"
"214",11,"Green Bay Packers",GB,"DST13","11","-","-","2 out of 5 stars","-29"
"215",11,"Rashod Bateman",BAL,"WR79","13","3 out of 5","4 out of 5","4 out of 5 stars","+29"
"216",11,"Cairo Santos",CHI,"K8","10","4 out of 5","3 out of 5","0 out of 5 stars","-19"
"217",11,"Terrance Ferguson",LAR,"TE26","11","4 out of 5","4 out of 5","4 out of 5 stars","-11"
"218",11,"Geno Smith",NYJ,"QB29","13","2 out of 5","4 out of 5","4 out of 5 stars","+151"
"219",11,"Jake Bates",DET,"K9","6","4 out of 5","2 out of 5","5 out of 5 stars","-59"
"220",11,"Darnell Mooney",NYG,"WR80","8","3 out of 5","4 out of 5","4 out of 5 stars","+34"
"221",11,"Evan McPherson",CIN,"K10","6","4 out of 5","2 out of 5","2 out of 5 stars","-31"
"222",11,"Harrison Mevis",LAR,"K11","11","4 out of 5","2 out of 5","2 out of 5 stars","-58"
"223",11,"Jaydon Blue",DAL,"RB64","14","4 out of 5","4 out of 5","4 out of 5 stars","+9"
"224",11,"Emanuel Wilson",SEA,"RB65","11","3 out of 5","4 out of 5","4 out of 5 stars","+43"
"225",11,"Andy Borregales",NE,"K12","11","-","-","1 out of 5 stars","+6"
"226",11,"Kaytron Allen",WAS,"RB66","7","3 out of 5","4 out of 5","4 out of 5 stars","+27"
"227",11,"Chase McLaughlin",TB,"K13","10","4 out of 5","2 out of 5","3 out of 5 stars","-27"
"228",11,"Detroit Lions",DET,"DST14","6","-","-","5 out of 5 stars","-50"
"229",11,"Pat Freiermuth",PIT,"TE27","9","3 out of 5","3 out of 5","2 out of 5 stars","-7"
"230",11,"Buffalo Bills",BUF,"DST15","7","-","-","3 out of 5 stars","-34"
"231",11,"Zachariah Branch",ATL,"WR81","11","2 out of 5","4 out of 5","3 out of 5 stars","-1"
"232",11,"Cade Otton",TB,"TE28","10","3 out of 5","4 out of 5","2 out of 5 stars","-11"
"233",11,"Cooper Kupp",SEA,"WR82","11","3 out of 5","4 out of 5","3 out of 5 stars","-38"
"234",11,"Antonio Williams",WAS,"WR83","7","4 out of 5","2 out of 5","2 out of 5 stars","+9"
"235",11,"Germie Bernard",PIT,"WR84","9","3 out of 5","4 out of 5","3 out of 5 stars","+14"
"236",11,"Cleveland Browns",CLE,"DST16","11","-","-","5 out of 5 stars","-32"
"237",11,"Jaylen Wright",MIA,"RB67","6","-","-","3 out of 5 stars","+24"
"238",11,"Ollie Gordon II",MIA,"RB68","6","3 out of 5","4 out of 5","3 out of 5 stars","+66"
"239",11,"Justice Hill",BAL,"RB69","13","-","-","3 out of 5 stars","-10"
"240",11,"Jack Bech",LV,"WR85","13","3 out of 5","4 out of 5","2 out of 5 stars","+53"
"241",11,"Harrison Butker",KC,"K14","5","-","-","5 out of 5 stars","-57"
"242",11,"Evan Engram",DEN,"TE29","10","-","-","4 out of 5 stars","+104"
"243",11,"George Holani",SEA,"RB70","11","3 out of 5","4 out of 5","4 out of 5 stars","+30"
"244",11,"Chris Boswell",PIT,"K15","9","-","-","4 out of 5 stars","-35"
"245",11,"Chimere Dike",TEN,"WR86","9","1 out of 5","5 out of 5","3 out of 5 stars","+75"
"246",11,"David Njoku",LAC,"TE30","7","4 out of 5","4 out of 5","4 out of 5 stars","-35"
"247",11,"Fernando Mendoza",LV,"QB30","13","4 out of 5","3 out of 5","1 out of 5 stars","-40"
"248",11,"Greg Dulcich",MIA,"TE31","6","4 out of 5","4 out of 5","5 out of 5 stars","-35"
"249",11,"Ted Hurst III",TB,"WR87","10","4 out of 5","4 out of 5","4 out of 5 stars","+32"
"250",11,"Malachi Fields",NYG,"WR88","8","4 out of 5","4 out of 5","4 out of 5 stars","-32"
"251",11,"Keon Coleman",BUF,"WR89","7","2 out of 5","4 out of 5","4 out of 5 stars","+13"
"252",11,"Isaiah Davis",NYJ,"RB71","13","2 out of 5","4 out of 5","3 out of 5 stars","+193"
"253",11,"Chris Bell",MIA,"WR90","6","3 out of 5","4 out of 5","3 out of 5 stars","+15"
"254",12,"Demond Claiborne",MIN,"RB72","6","3 out of 5","4 out of 5","4 out of 5 stars","+11"
"255",12,"Elic Ayomanor",TEN,"WR91","9","1 out of 5","5 out of 5","3 out of 5 stars","+51"
"256",12,"Ja'Kobi Lane",BAL,"WR92","13","3 out of 5","4 out of 5","4 out of 5 stars","-75"
"257",12,"Colby Parkinson",LAR,"TE32","11","-","-","4 out of 5 stars","+38"
"258",12,"Devaughn Vele",NO,"WR93","8","-","-","3 out of 5 stars","+16"
"259",12,"Tory Horton",SEA,"WR94","11","4 out of 5","4 out of 5","3 out of 5 stars","+37"
"260",12,"Tua Tagovailoa",ATL,"QB31","11","1 out of 5","4 out of 5","4 out of 5 stars","+30"
"261",12,"Christian Kirk",SF,"WR95","8","3 out of 5","4 out of 5","2 out of 5 stars","-4"
"262",12,"Ty Johnson",BUF,"RB73","7","-","-","2 out of 5 stars","+40"
"263",12,"Wil Lutz",DEN,"K16","10","-","-","1 out of 5 stars","-48"
"264",12,"Elijah Sarratt",BAL,"WR96","13","4 out of 5","4 out of 5","4 out of 5 stars","+48"
"265",12,"LeQuint Allen Jr.",JAC,"RB74","7","2 out of 5","4 out of 5","4 out of 5 stars","+118"
"266",12,"Kaelon Black",SF,"RB75","8","3 out of 5","4 out of 5","2 out of 5 stars","-28"
"267",12,"Caleb Douglas",MIA,"WR97","6","2 out of 5","4 out of 5","3 out of 5 stars","-26"
"268",12,"Chris Brooks",GB,"RB76","11","2 out of 5","4 out of 5","4 out of 5 stars","+126"
"269",12,"Will Reichard",MIN,"K17","6","-","-","2 out of 5 stars","-82"
"270",12,"Jordan James",SF,"RB77","8","2 out of 5","4 out of 5","2 out of 5 stars","-37"
"271",12,"Samaje Perine",CIN,"RB78","6","2 out of 5","4 out of 5","2 out of 5 stars","+12"
"272",12,"Mason Taylor",NYJ,"TE33","13","1 out of 5","4 out of 5","4 out of 5 stars","+16"
"273",12,"Xavier Legette",CAR,"WR98","5","2 out of 5","4 out of 5","2 out of 5 stars","+149"
"274",12,"Darius Slayton",NYG,"WR99","8","3 out of 5","4 out of 5","4 out of 5 stars","+140"
"275",12,"Tyquan Thornton",KC,"WR100","5","2 out of 5","5 out of 5","2 out of 5 stars","+128"
"276",12,"Trey Benson",ARI,"RB79","14","2 out of 5","4 out of 5","2 out of 5 stars","+50"
"277",12,"Marvin Mims Jr.",DEN,"WR101","10","3 out of 5","4 out of 5","2 out of 5 stars","+15"
"278",12,"Eli Stowers",PHI,"TE34","10","4 out of 5","4 out of 5","4 out of 5 stars","-9"
"279",12,"Theo Johnson",NYG,"TE35","8","1 out of 5","5 out of 5","3 out of 5 stars","+31"
"280",12,"DJ Giddens",IND,"RB80","13","2 out of 5","4 out of 5","4 out of 5 stars","+27"
"281",12,"Najee Harris",NYG,"RB81","8","2 out of 5","4 out of 5","4 out of 5 stars","-34"
"282",12,"Michael Penix Jr.",ATL,"QB32","11","1 out of 5","5 out of 5","4 out of 5 stars","+7"
"283",12,"San Francisco 49ers",SF,"DST17","8","-","-","3 out of 5 stars","-63"
"284",12,"Oscar Delp",NO,"TE36","8","4 out of 5","4 out of 5","2 out of 5 stars","+236"
"285",12,"Kirk Cousins",LV,"QB33","13","2 out of 5","4 out of 5","1 out of 5 stars","+16"
"286",12,"Cyrus Allen",KC,"WR102","5","4 out of 5","4 out of 5","2 out of 5 stars","-83"
"287",12,"Deshaun Watson",CLE,"QB34","11","1 out of 5","5 out of 5","4 out of 5 stars","+84"
"288",12,"Atlanta Falcons",ATL,"DST18","11","-","-","4 out of 5 stars","-48"
"289",12,"Shedeur Sanders",CLE,"QB35","11","3 out of 5","4 out of 5","4 out of 5 stars","-34"
"290",12,"Devin Neal",NO,"RB82","8","2 out of 5","4 out of 5","3 out of 5 stars","+19"
"291",12,"Malik Davis",DAL,"RB83","14","-","-","4 out of 5 stars","+113"
"292",12,"Brashard Smith",KC,"RB84","5","-","-","3 out of 5 stars","+11"
"293",12,"New Orleans Saints",NO,"DST19","8","-","-","5 out of 5 stars","-67"
"294",12,"Adam Randall",BAL,"RB85","13","3 out of 5","4 out of 5","3 out of 5 stars","+248"
"295",12,"Kaleb Johnson",PIT,"RB86","9","1 out of 5","5 out of 5","2 out of 5 stars","-29"
"296",12,"Seth McGowan",IND,"RB87","13","4 out of 5","4 out of 5","4 out of 5 stars","+138"
"297",12,"Kyle Williams",NE,"WR103","11","-","-","2 out of 5 stars","-18"
"298",12,"Hollywood Brown",PHI,"WR104","10","-","-","4 out of 5 stars","+26"
"299",12,"Devin Singletary",NYG,"RB88","8","-","-","4 out of 5 stars","+1"
"300",12,"Kendre Miller",NO,"RB89","8","2 out of 5","4 out of 5","3 out of 5 stars","+38"
"301",12,"Emari Demercado",KC,"RB90","5","1 out of 5","5 out of 5","3 out of 5 stars","+56"
"302",12,"Brandon Aiyuk",SF,"WR105","8","2 out of 5","5 out of 5","2 out of 5 stars","-20"
"303",12,"Mack Hollins",NE,"WR106","11","-","-","2 out of 5 stars","+36"
"304",12,"Isaiah Bond",CLE,"WR107","11","-","-","3 out of 5 stars","+71"
"305",12,"Mike Gesicki",CIN,"TE37","6","-","-","3 out of 5 stars","+35"
"306",12,"Trevor Etienne",CAR,"RB91","5","-","-","1 out of 5 stars","+230"
"307",12,"Skyler Bell",BUF,"WR108","7","-","-","4 out of 5 stars","+15"
"308",12,"Charlie Smyth",NO,"K18","8","-","-","5 out of 5 stars","+5"
"309",12,"Indianapolis Colts",IND,"DST20","13","-","-","5 out of 5 stars","-31"
"310",12,"Isaac Guerendo",SF,"RB92","8","-","-","2 out of 5 stars","-"
"311",13,"Jerome Ford",WAS,"RB93","7","2 out of 5","4 out of 5","4 out of 5 stars","-"
"312",13,"Andrei Iosivas",CIN,"WR109","6","-","-","4 out of 5 stars","+79"
"313",13,"Tyreek Hill",FA,"WR110","-","1 out of 5","5 out of 5","-","-96"
"314",13,"Tahj Brooks",CIN,"RB94","6","-","-","2 out of 5 stars","+160"
"315",13,"Jake Tonges",SF,"TE38","8","-","-","3 out of 5 stars","-45"
"316",13,"Chicago Bears",CHI,"DST21","10","-","-","2 out of 5 stars","-118"
"317",13,"Jaleel McLaughlin",DEN,"RB95","10","-","-","2 out of 5 stars","+292"
"318",13,"Jarquez Hunter",LAR,"RB96","11","-","-","5 out of 5 stars","+50"
"319",13,"Will Shipley",PHI,"RB97","10","-","-","4 out of 5 stars","+183"
"320",13,"Audric Estime",NO,"RB98","8","-","-","3 out of 5 stars","+41"
"321",13,"Darnell Washington",PIT,"TE39","9","-","-","2 out of 5 stars","-30"
"322",13,"Darren Waller",CAR,"TE40","5","-","-","2 out of 5 stars","+106"
"323",13,"Jahan Dotson",ATL,"WR111","11","-","-","3 out of 5 stars","+109"
"324",13,"Michael Mayer",LV,"TE41","13","-","-","3 out of 5 stars","+89"
"325",13,"Dallas Cowboys",DAL,"DST22","14","-","-","1 out of 5 stars","-115"
"326",13,"DeMario Douglas",NE,"WR112","11","-","-","2 out of 5 stars","+143"
"327",13,"Jalen Tolbert",MIA,"WR113","6","-","-","3 out of 5 stars","-29"
"328",13,"J.J. McCarthy",MIN,"QB36","6","-","-","5 out of 5 stars","-70"
"329",13,"Elijah Arroyo",SEA,"TE42","11","-","-","3 out of 5 stars","-14"
"330",13,"Bryce Lance",NO,"WR114","8","-","-","3 out of 5 stars","+158"
"331",13,"Joe Mixon",FA,"RB99","-","-","-","-","-8"
"332",13,"Kareem Hunt",FA,"RB100","-","-","-","-","-15"
"333",13,"Carson Beck",ARI,"QB37","14","-","-","2 out of 5 stars","-34"
"334",13,"Konata Mumpfield",LAR,"WR115","11","-","-","1 out of 5 stars","+51"
"335",13,"Cedric Tillman",CLE,"WR116","11","-","-","3 out of 5 stars","+251"
"336",13,"Tez Johnson",TB,"WR117","10","-","-","4 out of 5 stars","+234"
"337",13,"Jalen Royals",KC,"WR118","5","-","-","2 out of 5 stars","+305"
"338",13,"Olamide Zaccheaus",ATL,"WR119","11","-","-","3 out of 5 stars","+168"
"339",13,"Chris Brazzell II",CAR,"WR120","5","-","-","2 out of 5 stars","+238"
"340",13,"Tyler Higbee",LAR,"TE43","11","-","-","4 out of 5 stars","-12"
"341",13,"Calvin Austin III",NYG,"WR121","8","-","-","4 out of 5 stars","+142"
"342",13,"Xavier Hutchinson",HOU,"WR122","8","-","-","3 out of 5 stars","+224"
"343",13,"Erick All Jr.",CIN,"TE44","6","-","-","3 out of 5 stars","-"
"344",13,"Cole Kmet",CHI,"TE45","10","-","-","2 out of 5 stars","-50"
"345",13,"Luke McCaffrey",WAS,"WR123","7","-","-","2 out of 5 stars","-15"
"346",13,"Max Klare",LAR,"TE46","11","-","-","4 out of 5 stars","+53"
"347",13,"Eli Raridon",NE,"TE47","11","-","-","4 out of 5 stars","+17"
"348",13,"Mac Jones",SF,"QB38","8","-","-","1 out of 5 stars","-17"
"349",13,"Carolina Panthers",CAR,"DST23","5","-","-","3 out of 5 stars","-86"
"350",13,"Eli Heidenreich",PIT,"RB101","9","-","-","2 out of 5 stars","+174"
"351",13,"Noah Gray",KC,"TE48","5","-","-","4 out of 5 stars","-3"
"352",13,"Jake Elliott",PHI,"K19","10","-","-","5 out of 5 stars","-124"
"353",13,"Dawson Knox",BUF,"TE49","7","-","-","3 out of 5 stars","-34"
"354",13,"Bam Knight",ARI,"RB102","14","-","-","2 out of 5 stars","-"
"355",13,"New York Giants",NYG,"DST24","8","-","-","1 out of 5 stars","-130"
"356",13,"Charlie Kolar",LAC,"TE50","7","-","-","4 out of 5 stars","+154"
"357",13,"Brenen Thompson",LAC,"WR124","7","-","-","2 out of 5 stars","+210"
"358",14,"Justin Fields",KC,"QB39","5","-","-","2 out of 5 stars","-47"
"359",14,"Kendrick Bourne",ARI,"WR125","14","-","-","2 out of 5 stars","+215"
"360",14,"Joshua Palmer",BUF,"WR126","7","-","-","4 out of 5 stars","-42"
"361",14,"Ja'Tavion Sanders",CAR,"TE51","5","-","-","2 out of 5 stars","-14"
"362",14,"Tyler Bass",BUF,"K20","7","-","-","2 out of 5 stars","-110"
"363",14,"Justin Joly",DEN,"TE52","10","-","-","4 out of 5 stars","+184"
"364",14,"Ty Simpson",LAR,"QB40","11","-","-","3 out of 5 stars","-79"
"365",14,"Tampa Bay Buccaneers",TB,"DST25","10","-","-","4 out of 5 stars","-114"
"366",14,"Malik Benson",LV,"WR127","13","-","-","2 out of 5 stars","+271"
"367",14,"Michael Carter",TEN,"RB103","9","-","-","3 out of 5 stars","-"
"368",14,"Treylon Burks",WAS,"WR128","7","-","-","2 out of 5 stars","+186"
"369",14,"Cincinnati Bengals",CIN,"DST26","6","-","-","4 out of 5 stars","-97"
"370",14,"Zane Gonzalez",FA,"K21","-","-","-","-","+167"
"371",14,"Kalif Raymond",CHI,"WR129","10","-","-","3 out of 5 stars","+58"
"372",14,"Jawhar Jordan",HOU,"RB104","8","-","-","4 out of 5 stars","+112"
"373",14,"Savion Williams",GB,"WR130","11","-","-","5 out of 5 stars","-"
"374",14,"Kevin Coleman Jr.",MIA,"WR131","6","-","-","3 out of 5 stars","+154"
"375",14,"Anthony Richardson Sr.",IND,"QB41","13","-","-","4 out of 5 stars","+184"
"376",14,"Raheim Sanders",CLE,"RB105","11","-","-","3 out of 5 stars","+182"
"377",14,"Roman Wilson",PIT,"WR132","9","-","-","3 out of 5 stars","+24"
"378",14,"Tennessee Titans",TEN,"DST27","9","-","-","2 out of 5 stars","-118"
"379",14,"KaVontae Turpin",DAL,"WR133","14","-","-","2 out of 5 stars","-27"
"380",14,"Dont'e Thornton Jr.",LV,"WR134","13","-","-","2 out of 5 stars","+185"
"381",14,"John Metchie III",CAR,"WR135","5","-","-","2 out of 5 stars","+50"
"382",14,"Phil Mafah",DAL,"RB106","14","-","-","4 out of 5 stars","-"
"383",14,"Trey Smack",GB,"K22","11","-","-","4 out of 5 stars","-127"
"384",14,"Noah Fant",NO,"TE53","8","-","-","2 out of 5 stars","+46"
"385",14,"Tutu Atwell",MIA,"WR136","6","-","-","3 out of 5 stars","+62"
"386",14,"Jaylin Lane",WAS,"WR137","7","-","-","2 out of 5 stars","+145"
"387",14,"Nick Folk",ATL,"K23","11","-","-","0 out of 5 stars","-112"
"388",14,"Joe Flacco",CIN,"QB42","6","-","-","3 out of 5 stars","-72"
"389",14,"Jam Miller",NE,"RB107","11","-","-","2 out of 5 stars","-"
"390",14,"Zavion Thomas",CHI,"WR138","10","-","-","3 out of 5 stars","-12"
"391",14,"Nick Westbrook-Ikhine",IND,"WR139","13","-","-","4 out of 5 stars","+148"
"392",14,"Blake Grupe",IND,"K24","13","-","-","4 out of 5 stars","-95"
"393",14,"Tommy Tremble",CAR,"TE54","5","-","-","2 out of 5 stars","+34"
"394",14,"CJ Daniels",LAR,"WR140","11","-","-","1 out of 5 stars","+97"
"395",14,"Jameis Winston",NYG,"QB43","8","-","-","4 out of 5 stars","-74"
"396",14,"J'Mari Taylor",JAC,"RB108","7","-","-","4 out of 5 stars","-"
"397",14,"Luke Musgrave",GB,"TE55","11","-","-","2 out of 5 stars","-44"
"398",14,"Demarcus Robinson",SF,"WR141","8","-","-","2 out of 5 stars","+180"
"399",14,"Devontez Walker",BAL,"WR142","13","-","-","4 out of 5 stars","-36"
"400",14,"Roschon Johnson",CHI,"RB109","10","-","-","2 out of 5 stars","+208"
"401",14,"Kyle Juszczyk",SF,"RB110","8","-","-","2 out of 5 stars","-28"
"402",14,"Marcus Mariota",WAS,"QB44","7","-","-","2 out of 5 stars","+63"
"403",14,"Rasheen Ali",BAL,"RB111","13","-","-","3 out of 5 stars","-"
"404",14,"Austin Ekeler",FA,"RB112","-","-","-","-","+214"
"405",14,"Mitchell Evans",CAR,"TE56","5","-","-","2 out of 5 stars","-"
"406",14,"John Bates",WAS,"TE57","7","-","-","1 out of 5 stars","-"
"407",14,"Colbie Young",CIN,"WR143","6","-","-","4 out of 5 stars","+70"
"408",14,"Sione Vaki",DET,"RB113","6","-","-","5 out of 5 stars","-"
"409",14,"Ashton Dulin",IND,"WR144","13","-","-","4 out of 5 stars","-"
"410",14,"Cade Klubnik",NYJ,"QB45","13","-","-","4 out of 5 stars","-31"
"411",14,"Daniel Bellinger",TEN,"TE58","9","-","-","3 out of 5 stars","+140"
"412",14,"Miami Dolphins",MIA,"DST28","6","-","-","3 out of 5 stars","-104"
"413",14,"Ben Sinnott",WAS,"TE59","7","-","-","1 out of 5 stars","-"
"414",14,"Jordan Whittington",LAR,"WR145","11","-","-","1 out of 5 stars","-58"
"415",14,"Joey Slye",TEN,"K25","9","-","-","4 out of 5 stars","-129"
"416",14,"Las Vegas Raiders",LV,"DST29","13","-","-","4 out of 5 stars","-139"
"417",14,"Isaiah Williams",NYJ,"WR146","13","-","-","4 out of 5 stars","+145"
"418",14,"Chad Ryland",ARI,"K26","14","-","-","2 out of 5 stars","-69"
"419",14,"Ryan Fitzgerald",CAR,"K27","5","-","-","0 out of 5 stars","-84"
"420",14,"Joe Milton III",DAL,"QB46","14","-","-","2 out of 5 stars","-38"
"421",14,"Brandon McManus",FA,"K28","-","-","-","-","-51"
"422",14,"Daniel Carlson",LV,"K29","13","-","-","1 out of 5 stars","+116"
"423",15,"Washington Commanders",WAS,"DST30","7","-","-","2 out of 5 stars","-139"
"424",15,"Ben Sauls",NYG,"K30","8","-","-","2 out of 5 stars","-97"
"425",15,"Austin Hooper",ATL,"TE60","11","-","-","3 out of 5 stars","+132"
"426",15,"Barion Brown",NO,"WR147","8","-","-","3 out of 5 stars","+14"
"427",15,"Odell Beckham Jr.",NYG,"WR148","8","-","-","4 out of 5 stars","-102"
"428",15,"Dameon Pierce",PHI,"RB114","10","-","-","4 out of 5 stars","-"
"429",15,"Tommy Myers",FA,"TE61","-","-","-","-","-"
"430",15,"New York Jets",NYJ,"DST31","13","-","-","4 out of 5 stars","-32"
"431",15,"Ronnie Rivers",LAR,"RB115","11","-","-","5 out of 5 stars","-"
"432",15,"Tyler Goodson",ATL,"RB116","11","-","-","2 out of 5 stars","-"
"433",15,"Greg Dortch",DET,"WR149","6","-","-","4 out of 5 stars","+59"
"434",15,"Zavier Scott",MIN,"RB117","6","-","-","4 out of 5 stars","-"
"435",15,"Elijah Higgins",ARI,"TE62","14","-","-","2 out of 5 stars","-38"
"436",15,"Jeremy McNichols",WAS,"RB118","7","-","-","4 out of 5 stars","-"
"437",15,"Khalil Herbert",SF,"RB119","8","-","-","2 out of 5 stars","-"
"438",15,"Ty Chandler",NO,"RB120","8","-","-","3 out of 5 stars","-"
"439",15,"Spencer Shrader",IND,"K31","13","-","-","4 out of 5 stars","-96"
"440",15,"Tai Felton",MIN,"WR150","6","-","-","5 out of 5 stars","+53"
"441",15,"Noah Whittington",HOU,"RB121","8","-","-","4 out of 5 stars","-"
"442",15,"Robert Henry Jr.",WAS,"RB122","7","-","-","4 out of 5 stars","-"
"443",15,"Jake Moody",FA,"K32","-","-","-","-","-107"
"444",15,"Riley Leonard",IND,"QB47","13","-","-","4 out of 5 stars","+68"
"445",15,"Dylan Laube",LV,"RB123","13","-","-","2 out of 5 stars","-"
"446",15,"Damien Martinez",GB,"RB124","11","-","-","4 out of 5 stars","-"
"447",15,"Jacob Cowing",SF,"WR151","8","-","-","2 out of 5 stars","-"
"448",15,"Deion Burks",IND,"WR152","13","-","-","4 out of 5 stars","-"
"449",15,"Reggie Gilliam",NE,"RB125","11","-","-","2 out of 5 stars","+135"
"450",15,"Zach Ertz",FA,"TE63","-","-","-","-","+170"
"451",15,"Jonnu Smith",FA,"TE64","-","-","-","-","-"
"452",15,"Drew Stevens",WAS,"K33","7","-","-","5 out of 5 stars","-80"
"453",15,"Terrell Jennings",FA,"RB126","-","-","-","-","-"
"454",15,"Xavier Smith",LAR,"WR153","11","-","-","1 out of 5 stars","+36"
"455",15,"Xavier Restrepo",TEN,"WR154","9","-","-","3 out of 5 stars","-"
"456",15,"Dyami Brown",WAS,"WR155","7","-","-","2 out of 5 stars","+182"
"457",15,"Cash Jones",ATL,"RB127","11","-","-","2 out of 5 stars","-"
"458",15,"Marlin Klein",HOU,"TE65","8","-","-","4 out of 5 stars","+102"
"459",15,"Hunter Luepke",DAL,"RB128","14","-","-","4 out of 5 stars","+20"
"460",15,"Josh Oliver",MIN,"TE66","6","-","-","4 out of 5 stars","-86"
"461",15,"Frank Gore Jr.",BUF,"RB129","7","-","-","2 out of 5 stars","+56"
"462",15,"Tim Patrick",NYJ,"WR156","13","-","-","4 out of 5 stars","-9"
"463",15,"Roman Hemby",LV,"RB130","13","-","-","2 out of 5 stars","-"
"464",15,"Quinn Ewers",MIA,"QB48","6","-","-","3 out of 5 stars","-14"
"465",15,"Donovan Edwards",MIA,"RB131","6","-","-","3 out of 5 stars","-"
"466",15,"Antonio Gibson",FA,"RB132","-","-","-","-","+157"
"467",15,"Jahdae Walker",CHI,"WR157","10","-","-","3 out of 5 stars","-23"
"468",15,"Matt Hibner",BAL,"TE67","13","-","-","4 out of 5 stars","-"
"469",15,"Elijah Moore",PHI,"WR158","10","-","-","4 out of 5 stars","-"
"470",15,"Theo Wease Jr.",MIA,"WR159","6","-","-","3 out of 5 stars","-"
"471",15,"Juice Wells Jr.",ATL,"WR160","11","-","-","3 out of 5 stars","-"
"472",15,"DeAndre Hopkins",BAL,"WR161","13","-","-","4 out of 5 stars","+68"
"473",15,"Will Kacmarek",MIA,"TE68","6","-","-","5 out of 5 stars","+75"
"474",15,"Miles Davis",CAR,"RB133","5","-","-","1 out of 5 stars","-"
"475",15,"Jalen Reagor",MIA,"WR162","6","-","-","3 out of 5 stars","+178"
"476",15,"Tanner Koziol",JAC,"TE69","7","-","-","3 out of 5 stars","+58"
"477",15,"Van Jefferson",WAS,"WR163","7","-","-","2 out of 5 stars","+36"
"478",15,"Miles Sanders",FA,"RB134","-","-","-","-","-"
"479",15,"Mitch Tinsley",CIN,"WR164","6","-","-","4 out of 5 stars","+97"
"480",15,"Travis Homer",PIT,"RB135","9","-","-","2 out of 5 stars","+113"
"481",15,"Jackson Hawes",BUF,"TE70","7","-","-","3 out of 5 stars","-44"
"482",15,"Elijah Mitchell",FA,"RB136","-","-","-","-","-"
"483",15,"Brandin Cooks",FA,"WR165","-","-","-","-","-"
"484",15,"Cedrick Wilson Jr.",DET,"WR166","6","-","-","4 out of 5 stars","+175"
"485",15,"Lew Nichols III",PIT,"RB137","9","-","-","2 out of 5 stars","-"
"486",15,"Luke Schoonmaker",DAL,"TE71","14","-","-","2 out of 5 stars","-128"
"487",15,"Tyler Lockett",LV,"WR167","13","-","-","2 out of 5 stars","-"
"488",15,"Reggie Virgil",ARI,"WR168","14","-","-","2 out of 5 stars","+95"
"489",15,"Jason Sanders",NYJ,"K34","13","-","-","2 out of 5 stars","-144"
"490",15,"Scotty Miller",CHI,"WR169","10","-","-","3 out of 5 stars","-"
"491",15,"Jaret Patterson",LAC,"RB138","7","-","-","3 out of 5 stars","-"
"492",15,"Nate Boerkircher",JAC,"TE72","7","-","-","3 out of 5 stars","+80"
"493",15,"Marquez Valdes-Scantling",DAL,"WR170","14","-","-","2 out of 5 stars","+103"
"494",15,"Adam Trautman",DEN,"TE73","10","-","-","4 out of 5 stars","-59"
"495",15,"Gardner Minshew II",ARI,"QB49","14","-","-","2 out of 5 stars","+92"
"496",15,"Jordan Watkins",SF,"WR171","8","-","-","2 out of 5 stars","-"
"497",15,"Sam Roush",CHI,"TE74","10","-","-","2 out of 5 stars","0"
"498",15,"Taysom Hill",FA,"TE75","-","-","-","-","+28"
"499",15,"Myles Montgomery",FA,"RB139","-","-","-","-","-"
"500",15,"Michael Woods II",DEN,"WR172","10","-","-","2 out of 5 stars","-"
"501",15,"Jaydn Ott",KC,"RB140","5","-","-","3 out of 5 stars","-"
"502",15,"Jeremy Ruckert",NYJ,"TE76","13","-","-","4 out of 5 stars","+137"
"503",15,"Nathan Carter",ATL,"RB141","11","-","-","2 out of 5 stars","-"
"504",15,"Jalen Milroe",SEA,"QB50","11","-","-","4 out of 5 stars","+14"
"505",15,"David Sills V",TB,"WR173","10","-","-","4 out of 5 stars","-"
"506",15,"Jimmy Horn Jr.",CAR,"WR174","5","-","-","2 out of 5 stars","+65"
"507",16,"Michael Trigg",DAL,"TE77","14","-","-","2 out of 5 stars","-101"
"508",16,"Tyler Conklin",DET,"TE78","6","-","-","3 out of 5 stars","+72"
"509",16,"Mason Rudolph",PIT,"QB51","9","-","-","2 out of 5 stars","+82"
"510",16,"Arizona Cardinals",ARI,"DST32","14","-","-","2 out of 5 stars","-205"
"511",16,"Mo Alie-Cox",IND,"TE79","13","-","-","3 out of 5 stars","-119"
"512",16,"Foster Moreau",HOU,"TE80","8","-","-","4 out of 5 stars","-"
"513",16,"Jermaine Burton",FA,"WR175","-","-","-","-","-"
"514",16,"Tyrod Taylor",GB,"QB52","11","-","-","4 out of 5 stars","-95"
"515",16,"Drew Sample",CIN,"TE81","6","-","-","3 out of 5 stars","+48"
"516",16,"Josh Cameron",JAC,"WR176","7","-","-","4 out of 5 stars","+140"
"517",16,"Kendrick Law",DET,"WR177","6","-","-","4 out of 5 stars","-"
"518",16,"Trey Lance",LAC,"QB53","7","-","-","2 out of 5 stars","-47"
"519",16,"JuJu Smith-Schuster",FA,"WR178","-","-","-","-","-154"
"520",16,"Lil'Jordan Humphrey",DEN,"WR179","10","-","-","2 out of 5 stars","-183"